Hidden layer sizes;Train time;Accuracy;MSE;MAE
(100, 100, 100, 100, 100, 100, 100, 100, 100, 100);4.392;0.9380530973451328;0.04620021707793508;0.08027320831079372
